1,1,asdasdkansdlkaskldmalsdkmaslkdmlaskdmlaksdmlaksdmladmlaksdmlaksdmlaksdmalksdmaklsdm,,0,0,2020. 03. 28. 19:17:56
4,1,sdfsdfsfniusndfipusfiusndfuanpifunaspfduasidfunspifnaspifunspudfnsdfpsdfnsiufnsiufnsiufnsudfsiufn,,22,11,2020. 03. 28. 18:35:01
4,5,sdfsdfsfniusndfipusfiusndfuanpifunaspfduasidfunspifnaspifunspudfnsdfpsdfnsiufnsiufnsiufnsudfsiufn,,0,0,2020. 03. 28. 18:36:15
4,5,asdasdasdasddfsdkfaposdfmpoasmdfpőmasdpfomasdfpmspdfmposadfmposmdfpmpsaofdmpsofmsafdű,,0,0,2020. 03. 28. 18:36:24
4,5,sdfasdfsdfas mdkfs dokfasokdm poisd mfois foiasm piosm oa sdofi msod fs,,0,0,2020. 03. 28. 18:36:41
4,5,sdfasdfsdfas mdkfs dokfasokdm poisd mfois foiasm piosm oa sdofi msod fs,,0,0,2020. 03. 28. 18:38:25
4,5,asdasdasdasdasdasdasdasdasdasdasd,,0,0,2020. 03. 28. 18:38:31
4,5,asdasdasdasdasdasdasdasdasdasdasd,,0,0,2020. 03. 28. 18:40:57
4,5,asdasdasdasdasdasdasdasdasdasdasd,,0,0,2020. 03. 28. 18:41:35
4,5,dsdfsdfasidfniawefnbiujwnefrwejnfrowkenfoipawnefopwnpeofnwoiefnowaeifnowsefnwiaenfowiefnoéawsnfownsfonweoéfnwseoélfnowsnfeéoawysneféownseféowisnefoénsofinowsefnéoiywesknfoikwsnféowsinfoéisknféonféoysiknfoéysinfoésyifnk,,0,0,2020. 03. 28. 18:41:59
18,1,asdasdadadasdad,,0,0,2020. 03. 28. 19:22:02
19,1,Answer1asdasd,,0,0,2020. 03. 28. 19:42:41
19,20,asda,https://www.fuggonyneked.hu/images/joshop/products/kepek/40-50/27.jpg,0,0,2020. 03. 28. 19:42:53
19,20,asda,https://www.fuggonyneked.hu/images/joshop/products/kepek/40-50/27.jpg,0,0,2020. 03. 28. 19:45:59
20,1,fsdfsdfsfsfdsfsdfsdf,https://www.fuggonyneked.hu/images/joshop/products/kepek/40-50/27.jpgsdf,0,0,2020. 03. 28. 19:46:46
20,21,fsdfsdfsfsfdsfsdfsdf,https://www.fuggonyneked.hu/images/joshop/products/kepek/40-50/27.jpgsdf,0,0,2020. 03. 28. 19:48:26
21,1,dfssahdfu sf hsuifhisahfiushdfiushfioushfuhfiushfiuhsfoiuashfdiuashfiushfiushfiuhsfiuhsifohasofuhsoidufhsioufhsiuhfiosufhoisauhfoiusfh,https://www.fuggonyneked.hu/images/joshop/products/kepek/40-50/27.jpg,0,0,2020. 03. 28. 19:49:10
