1,AASDASDASDASDASDASDASDASDASDASDASDA,ASDASDASDASDASDMOEFMQOŐEIWAPKFMQOWPEFMŐOWPEISAKFMŐOWKASEMFŐÁSOLKMFŐÁOWSMFPOWEAKMFPŐWOAEKFMŐPWOESMFPOWEMFŐPÁOWSAEMFÁPOWSAEMFPOWSMEFPÁWSMEFPOMSÁPEOFMÁPSEMFPOSMEFPOSMEPFOMSÁPEOFMWPAEOMFPÁOWSEMFPWOSEMFPOWEMFPOWSEMFPOWSLMFPÁWSOMEFPÁOLWSEMFPÁOWSMEPFÁŐOWSMÁFPEOLMWSEÁPFOLMWSEÁPFOMWÁSPAOEFMÁPOWSEMFPOSMEPFOMS,,0,0,2,3,2020. 03. 28. 18:30:00
2,AASDASDASDASDASDASDASDASDASDASDASDA,ASDASDASDASDASDMOEFMQOŐEIWAPKFMQOWPEFMŐOWPEISAKFMŐOWKASEMFŐÁSOLKMFŐÁOWSMFPOWEAKMFPŐWOAEKFMŐPWOESMFPOWEMFŐPÁOWSAEMFÁPOWSAEMFPOWSMEFPÁWSMEFPOMSÁPEOFMÁPSEMFPOSMEFPOSMEPFOMSÁPEOFMWPAEOMFPÁOWSEMFPWOSEMFPOWEMFPOWSEMFPOWSLMFPÁWSOMEFPÁOLWSEMFPÁOWSMEPFÁŐOWSMÁFPEOLMWSEÁPFOLMWSEÁPFOMWÁSPAOEFMÁPOWSEMFPOSMEPFOMS,,0,0,0,0,2020. 03. 28. 18:30:18
3,AASDASDASDASDASDASDASDASDASDASDASDA,ASDASDASDASDASDMOEFMQOŐEIWAPKFMQOWPEFMŐOWPEISAKFMŐOWKASEMFŐÁSOLKMFŐÁOWSMFPOWEAKMFPŐWOAEKFMŐPWOESMFPOWEMFŐPÁOWSAEMFÁPOWSAEMFPOWSMEFPÁWSMEFPOMSÁPEOFMÁPSEMFPOSMEFPOSMEPFOMSÁPEOFMWPAEOMFPÁOWSEMFPWOSEMFPOWEMFPOWSEMFPOWSLMFPÁWSOMEFPÁOLWSEMFPÁOWSMEPFÁŐOWSMÁFPEOLMWSEÁPFOLMWSEÁPFOMWÁSPAOEFMÁPOWSEMFPOSMEPFOMS,,0,0,0,0,2020. 03. 28. 18:30:43
4,Sdfsfsdpfposdfmőspofmspdmfposm,sdfsdf sdofn s df sdufn isudnfiusdnfius df siud nsiudfsdfunhsidfns iudf suihdf uish fuish iuhsiufhsiudfhiusdhf s udfh sifdhsiufdhiushdfisu fisu fius fiu s siufdhius uish fius oi afosidfh siudhf sif hsiu fhsd fhsi ufh s iud  fsh is s hsoiudhfiushf isdufsdiufh siduf s fisu iu fhiusfhius fiusf huis ius,,101,15,14,160,2020. 03. 28. 18:34:20
5,asdasdadad,asdasdasdadadad,,0,0,0,0,2020. 03. 28. 19:10:57
6,adsasd,asdasdasd,,0,0,0,0,2020. 03. 28. 19:11:03
7,adsasd,asdasdasd,,0,0,0,0,2020. 03. 28. 19:11:26
8,adsasd,asdasdasd,,0,0,0,0,2020. 03. 28. 19:11:49
9,adsasd,asdasdasd,,0,0,0,0,2020. 03. 28. 19:12:42
10,adsasd,asdasdasd,,0,0,0,0,2020. 03. 28. 19:13:17
11,adsasd,asdasdasd,,0,0,0,0,2020. 03. 28. 19:13:31
12,adsasd,asdasdasd,,0,0,0,0,2020. 03. 28. 19:13:47
13,adsasd,asdasdasd,,0,0,0,0,2020. 03. 28. 19:14:02
14,adsasd,asdasdasd,,0,0,0,0,2020. 03. 28. 19:14:15
15,adsasd,asdasdasd,,0,0,0,0,2020. 03. 28. 19:14:26
16,adsasd,asdasdasd,,0,0,0,0,2020. 03. 28. 19:14:49
17,adsasd,asdasdasd,,0,0,0,0,2020. 03. 28. 19:15:04
18,adsasd,asdasdasd,,0,0,2,2,2020. 03. 28. 19:16:45
19,asdasdadasdadadads,asdasd,https://cdn1.i-scmp.com/sites/default/files/styles/768x768/public/images/methode/2018/05/28/8b4bd47c-5fd9-11e8-a4de-9f5e0e4dd719_1280x720_174720.JPG?itok=ysylcXhB,0,0,5,4,2020. 03. 28. 19:42:31
20,asdasdasd,asdasdsadadasdqwddqwdwfjn wopfnmweofmnwpeoif jnmweoifanjwoifrnjwoiufepn wef jawoiefnjowifnjoiuwnfjoiwnfowanfpownefo nwapefn woae fpoiwunefoiwanfoawoif nwaoefnaowi fow foiw foiwa njfpwnfoiw fneioawoiefowifownfownfowanfoiwpefoiawoiefn oiwefnawoiefnoiwenfoawnfoiawnfoiawenfonwoiefnoiwafnoaiwnfoiwnfopwne,https://cdn1.i-scmp.com/sites/default/files/styles/768x768/public/images/methode/2018/05/28/8b4bd47c-5fd9-11e8-a4de-9f5e0e4dd719_1280x720_174720.JPG?itok=ysylcXhB,0,0,3,3,2020. 03. 28. 19:46:28
21,My questioisndfdsfjkdf,sdfas,f askdfpőaskmfops mfoismdfklmas klfmslk fmlsak dfiasdfnsahnd fiuzsafsdif hsifuaisdhfuais hfiusah foisa hfiuhsiudf siuhd fosahf iuash fiush fioush  ifuhsauifhiuwfwiuefhiwfbjksabfkjabfiwe iuwhwiufh oiahf oiuweh foiuwh foiu whifu hwio fhwoui fhwf,https://cdn1.i-scmp.com/sites/default/files/styles/768x768/public/images/methode/2018/05/28/8b4bd47c-5fd9-11e8-a4de-9f5e0e4dd719_1280x720_174720.JPG?itok=ysylcXhB,0,0,1,2,2020. 03. 28. 19:48:53
